{"IcoMoonType":"selection","icons":[{"icon":{"paths":["M669.143 172l-303.429 303.429 303.429 303.429c14.286 14.286 14.286 37.143 0 51.429l-94.857 94.857c-14.286 14.286-37.143 14.286-51.429 0l-424-424c-14.286-14.286-14.286-37.143 0-51.429l424-424c14.286-14.286 37.143-14.286 51.429 0l94.857 94.857c14.286 14.286 14.286 37.143 0 51.429z"],"attrs":[{}],"width":768,"isMulticolor":false,"isMulticolor2":false,"tags":["chevron-left"],"grid":14},"attrs":[{}],"properties":{"order":1,"id":1,"prevSize":28,"code":59648,"name":"chevron-left"},"setIdx":0,"setId":3,"iconIdx":0},{"icon":{"paths":["M632.571 501.143l-424 424c-14.286 14.286-37.143 14.286-51.429 0l-94.857-94.857c-14.286-14.286-14.286-37.143 0-51.429l303.429-303.429-303.429-303.429c-14.286-14.286-14.286-37.143 0-51.429l94.857-94.857c14.286-14.286 37.143-14.286 51.429 0l424 424c14.286 14.286 14.286 37.143 0 51.429z"],"attrs":[{}],"width":695,"isMulticolor":false,"isMulticolor2":false,"tags":["chevron-right"],"grid":14},"attrs":[{}],"properties":{"order":1,"id":0,"name":"chevron-right","prevSize":28,"code":59649},"setIdx":0,"setId":3,"iconIdx":1},{"icon":{"paths":["M71.111 981.333h284.444c15.701 0 28.445-11.682 28.445-26.074v-260.74c0-28.813 25.458-52.147 56.887-52.147h142.225c31.428 0 56.887 23.334 56.887 52.147v260.74c0 14.391 12.745 26.074 28.446 26.074h284.442c15.701 0 28.446-11.682 28.446-26.074v-497.728c0-47.924-23.979-93.215-65.054-122.888l-404.279-291.977-404.281 291.977c-41.074 29.673-65.053 74.963-65.053 122.888v497.728c0 14.391 12.743 26.074 28.445 26.074z"],"attrs":[{"strokeLinejoin":"round","strokeLinecap":"butt","strokeMiterlimit":"10","strokeWidth":64}],"isMulticolor":false,"isMulticolor2":false,"grid":16,"tags":["home-fill"],"colorPermutations":{"206255103122122122112552552551":[{}]}},"attrs":[{"strokeLinejoin":"round","strokeLinecap":"butt","strokeMiterlimit":"10","strokeWidth":64}],"properties":{"order":7,"id":499,"name":"home-fill","prevSize":32,"code":59650},"setIdx":2,"setId":1,"iconIdx":0},{"icon":{"paths":["M71.111 981.333h284.444c15.701 0 28.445-11.682 28.445-26.074v-260.74c0-28.813 25.458-52.147 56.887-52.147h142.225c31.428 0 56.887 23.334 56.887 52.147v260.74c0 14.391 12.745 26.074 28.446 26.074h284.442c15.701 0 28.446-11.682 28.446-26.074v-497.728c0-47.924-23.979-93.215-65.054-122.888l-404.279-291.977-404.281 291.977c-41.074 29.673-65.053 74.963-65.053 122.888v497.728c0 14.391 12.743 26.074 28.445 26.074z"],"attrs":[{"fill":"none","strokeLinejoin":"round","strokeLinecap":"butt","strokeMiterlimit":"10","strokeWidth":64}],"isMulticolor":false,"isMulticolor2":false,"grid":16,"tags":["home-outline"],"colorPermutations":{"206255103122122122112552552551":[{}]}},"attrs":[{"fill":"none","strokeLinejoin":"round","strokeLinecap":"butt","strokeMiterlimit":"10","strokeWidth":64}],"properties":{"order":8,"id":498,"name":"home-outline","prevSize":32,"code":59651},"setIdx":2,"setId":1,"iconIdx":1},{"icon":{"paths":["M371.2 42.667h-281.6c-25.92 0-46.933 21.013-46.933 46.933v281.6c0 25.92 21.013 46.933 46.933 46.933h281.6c25.92 0 46.933-21.013 46.933-46.933v-281.6c0-25.92-21.013-46.933-46.933-46.933z","M371.2 605.867h-281.6c-25.92 0-46.933 21.013-46.933 46.933v281.6c0 25.92 21.013 46.933 46.933 46.933h281.6c25.92 0 46.933-21.013 46.933-46.933v-281.6c0-25.92-21.013-46.933-46.933-46.933z","M934.4 42.667h-281.6c-25.924 0-46.933 21.013-46.933 46.933v281.6c0 25.92 21.009 46.933 46.933 46.933h281.6c25.92 0 46.933-21.013 46.933-46.933v-281.6c0-25.92-21.013-46.933-46.933-46.933z","M981.333 887.467v93.867","M793.604 699.733h187.733","M793.604 601.6v375.467","M605.867 981.333h187.733","M605.867 605.867v187.733"],"attrs":[{"fill":"none","strokeLinejoin":"round","strokeLinecap":"round","strokeMiterlimit":"4","strokeWidth":64},{"fill":"none","strokeLinejoin":"round","strokeLinecap":"round","strokeMiterlimit":"4","strokeWidth":64},{"fill":"none","strokeLinejoin":"round","strokeLinecap":"round","strokeMiterlimit":"4","strokeWidth":64},{"fill":"none","strokeLinejoin":"round","strokeLinecap":"round","strokeMiterlimit":"4","strokeWidth":64},{"fill":"none","strokeLinejoin":"round","strokeLinecap":"round","strokeMiterlimit":"4","strokeWidth":64},{"fill":"none","strokeLinejoin":"round","strokeLinecap":"round","strokeMiterlimit":"4","strokeWidth":64},{"fill":"none","strokeLinejoin":"round","strokeLinecap":"round","strokeMiterlimit":"4","strokeWidth":64},{"fill":"none","strokeLinejoin":"round","strokeLinecap":"round","strokeMiterlimit":"4","strokeWidth":64}],"isMulticolor":false,"isMulticolor2":false,"grid":16,"tags":["qr-outline"],"colorPermutations":{"206255103122122122112552552551":[{},{},{},{},{},{},{},{}]}},"attrs":[{"fill":"none","strokeLinejoin":"round","strokeLinecap":"round","strokeMiterlimit":"4","strokeWidth":64},{"fill":"none","strokeLinejoin":"round","strokeLinecap":"round","strokeMiterlimit":"4","strokeWidth":64},{"fill":"none","strokeLinejoin":"round","strokeLinecap":"round","strokeMiterlimit":"4","strokeWidth":64},{"fill":"none","strokeLinejoin":"round","strokeLinecap":"round","strokeMiterlimit":"4","strokeWidth":64},{"fill":"none","strokeLinejoin":"round","strokeLinecap":"round","strokeMiterlimit":"4","strokeWidth":64},{"fill":"none","strokeLinejoin":"round","strokeLinecap":"round","strokeMiterlimit":"4","strokeWidth":64},{"fill":"none","strokeLinejoin":"round","strokeLinecap":"round","strokeMiterlimit":"4","strokeWidth":64},{"fill":"none","strokeLinejoin":"round","strokeLinecap":"round","strokeMiterlimit":"4","strokeWidth":64}],"properties":{"order":9,"id":497,"name":"qr-outline","prevSize":32,"code":59652},"setIdx":2,"setId":1,"iconIdx":2},{"icon":{"paths":["M371.2 42.667h-281.6c-25.92 0-46.933 21.013-46.933 46.933v281.6c0 25.92 21.013 46.933 46.933 46.933h281.6c25.92 0 46.933-21.013 46.933-46.933v-281.6c0-25.92-21.013-46.933-46.933-46.933z","M371.2 605.867h-281.6c-25.92 0-46.933 21.009-46.933 46.933v281.6c0 25.92 21.013 46.933 46.933 46.933h281.6c25.92 0 46.933-21.013 46.933-46.933v-281.6c0-25.924-21.013-46.933-46.933-46.933z","M934.4 42.667h-281.6c-25.924 0-46.933 21.013-46.933 46.933v281.6c0 25.92 21.009 46.933 46.933 46.933h281.6c25.92 0 46.933-21.013 46.933-46.933v-281.6c0-25.92-21.013-46.933-46.933-46.933z","M981.333 887.467v93.867","M793.604 699.729h187.733","M793.604 601.604v375.467","M605.867 981.333h187.733","M605.867 605.867v187.733"],"attrs":[{"strokeLinejoin":"round","strokeLinecap":"round","strokeMiterlimit":"4","strokeWidth":64},{"strokeLinejoin":"round","strokeLinecap":"round","strokeMiterlimit":"4","strokeWidth":64},{"strokeLinejoin":"round","strokeLinecap":"round","strokeMiterlimit":"4","strokeWidth":64},{"fill":"none","strokeLinejoin":"round","strokeLinecap":"round","strokeMiterlimit":"4","strokeWidth":64},{"fill":"none","strokeLinejoin":"round","strokeLinecap":"round","strokeMiterlimit":"4","strokeWidth":64},{"fill":"none","strokeLinejoin":"round","strokeLinecap":"round","strokeMiterlimit":"4","strokeWidth":64},{"fill":"none","strokeLinejoin":"round","strokeLinecap":"round","strokeMiterlimit":"4","strokeWidth":64},{"fill":"none","strokeLinejoin":"round","strokeLinecap":"round","strokeMiterlimit":"4","strokeWidth":64}],"isMulticolor":false,"isMulticolor2":false,"grid":16,"tags":["qr-fill"],"colorPermutations":{"206255103122122122112552552551":[{},{},{},{},{},{},{},{}]}},"attrs":[{"strokeLinejoin":"round","strokeLinecap":"round","strokeMiterlimit":"4","strokeWidth":64},{"strokeLinejoin":"round","strokeLinecap":"round","strokeMiterlimit":"4","strokeWidth":64},{"strokeLinejoin":"round","strokeLinecap":"round","strokeMiterlimit":"4","strokeWidth":64},{"fill":"none","strokeLinejoin":"round","strokeLinecap":"round","strokeMiterlimit":"4","strokeWidth":64},{"fill":"none","strokeLinejoin":"round","strokeLinecap":"round","strokeMiterlimit":"4","strokeWidth":64},{"fill":"none","strokeLinejoin":"round","strokeLinecap":"round","strokeMiterlimit":"4","strokeWidth":64},{"fill":"none","strokeLinejoin":"round","strokeLinecap":"round","strokeMiterlimit":"4","strokeWidth":64},{"fill":"none","strokeLinejoin":"round","strokeLinecap":"round","strokeMiterlimit":"4","strokeWidth":64}],"properties":{"order":10,"id":496,"name":"qr-fill","prevSize":32,"code":59653},"setIdx":2,"setId":1,"iconIdx":3},{"icon":{"paths":["M512 42.667c-140.879 0-213.333 72.492-213.333 213.383s72.454 213.284 213.333 213.284c140.881 0 213.333-72.393 213.333-213.284s-72.452-213.383-213.333-213.383zM512 597.244c-138.967 0-264.846 45.372-357.583 115.26s-111.75 123.311-111.75 226.163c0.001 11.315 4.372 22.293 12.373 30.293s18.979 12.373 30.295 12.373h853.332c11.315 0 22.293-4.373 30.293-12.373s12.373-18.978 12.373-30.293c0-102.852-19.012-156.275-111.748-226.163-92.74-69.888-218.615-115.26-357.585-115.26z"],"attrs":[{"strokeLinejoin":"miter","strokeLinecap":"butt","strokeMiterlimit":"4","strokeWidth":64}],"isMulticolor":false,"isMulticolor2":false,"grid":16,"tags":["user-fill"],"colorPermutations":{"206255103122122122112552552551":[{}]}},"attrs":[{"strokeLinejoin":"miter","strokeLinecap":"butt","strokeMiterlimit":"4","strokeWidth":64}],"properties":{"order":11,"id":495,"name":"user-fill","prevSize":32,"code":59654},"setIdx":2,"setId":1,"iconIdx":4},{"icon":{"paths":["M512 42.667c-140.879 0-213.333 72.492-213.333 213.383s72.454 213.284 213.333 213.284c140.881 0 213.333-72.393 213.333-213.284s-72.452-213.383-213.333-213.383zM512 597.244c-138.967 0-264.846 45.372-357.583 115.26s-111.75 123.311-111.75 226.163c0.001 11.315 4.372 22.293 12.373 30.293s18.979 12.373 30.295 12.373h853.332c11.315 0 22.293-4.373 30.293-12.373s12.373-18.978 12.373-30.293c0-102.852-19.012-156.275-111.748-226.163-92.74-69.888-218.615-115.26-357.585-115.26z"],"attrs":[{"fill":"none","strokeLinejoin":"miter","strokeLinecap":"butt","strokeMiterlimit":"4","strokeWidth":64}],"isMulticolor":false,"isMulticolor2":false,"grid":16,"tags":["user-outline"],"colorPermutations":{"206255103122122122112552552551":[{}]}},"attrs":[{"fill":"none","strokeLinejoin":"miter","strokeLinecap":"butt","strokeMiterlimit":"4","strokeWidth":64}],"properties":{"order":12,"id":494,"name":"user-outline","prevSize":32,"code":59655},"setIdx":2,"setId":1,"iconIdx":5},{"icon":{"paths":["M1024 512c0 282.77-229.23 512-512 512s-512-229.23-512-512c0-282.77 229.23-512 512-512s512 229.23 512 512z","M273.062 509.377l170.667 173.294 294.073-341.335"],"attrs":[{"fill":"rgb(221, 221, 221)"},{"fill":"none","stroke":"rgb(255, 255, 255)","strokeLinejoin":"miter","strokeLinecap":"round","strokeMiterlimit":"4","strokeWidth":51.2}],"isMulticolor":false,"isMulticolor2":true,"grid":16,"tags":["uncheck"],"colorPermutations":{"206255103122122122112552552551":[{"f":1},{"s":2}]}},"attrs":[{"fill":"rgb(221, 221, 221)"},{"fill":"none","stroke":"rgb(255, 255, 255)","strokeLinejoin":"miter","strokeLinecap":"round","strokeMiterlimit":"4","strokeWidth":51.2}],"properties":{"order":13,"id":493,"name":"uncheck","prevSize":32,"code":59656},"setIdx":2,"setId":1,"iconIdx":6},{"icon":{"paths":["M1000.727 512c0 269.917-218.811 488.727-488.727 488.727s-488.727-218.811-488.727-488.727c0-269.917 218.811-488.727 488.727-488.727s488.727 218.811 488.727 488.727z","M294.784 509.617l155.152 157.538 267.339-310.305"],"attrs":[{"fill":"rgb(206, 255, 103)","strokeLinejoin":"miter","strokeLinecap":"butt","strokeMiterlimit":"4","strokeWidth":46.54545454545455},{"fill":"none","strokeLinejoin":"miter","strokeLinecap":"round","strokeMiterlimit":"4","strokeWidth":46.54545454545455}],"isMulticolor":false,"isMulticolor2":false,"grid":16,"tags":["check"],"colorPermutations":{"206255103122122122112552552551":[{"f":0},{}]}},"attrs":[{"fill":"rgb(206, 255, 103)","strokeLinejoin":"miter","strokeLinecap":"butt","strokeMiterlimit":"4","strokeWidth":46.54545454545455},{"fill":"none","strokeLinejoin":"miter","strokeLinecap":"round","strokeMiterlimit":"4","strokeWidth":46.54545454545455}],"properties":{"order":14,"id":492,"name":"check","prevSize":32,"code":59657},"setIdx":2,"setId":1,"iconIdx":7},{"icon":{"paths":["M992 384h-352v-352c0-17.671-14.329-32-32-32h-192c-17.673 0-32 14.329-32 32v352h-352c-17.671 0-32 14.327-32 32v192c0 17.671 14.329 32 32 32h352v352c0 17.673 14.327 32 32 32h192c17.671 0 32-14.327 32-32v-352h352c17.673 0 32-14.329 32-32v-192c0-17.673-14.327-32-32-32z"],"tags":["plus","add","sum"],"defaultCode":59914,"grid":16,"attrs":[],"colorPermutations":{"206255103122122122112552552551":[]}},"attrs":[],"properties":{"ligatures":"plus, add","name":"plus","order":4,"id":267,"prevSize":32,"code":59914},"setIdx":2,"setId":1,"iconIdx":274}],"height":1024,"metadata":{"name":"icomoon"},"preferences":{"showGlyphs":true,"showQuickUse":true,"showQuickUse2":true,"showSVGs":true,"fontPref":{"prefix":"icon-","metadata":{"fontFamily":"icomoon"},"metrics":{"emSize":1024,"baseline":6.25,"whitespace":50},"embed":false},"imagePref":{"prefix":"icon-","png":true,"useClassSelector":true,"color":0,"bgColor":16777215,"classSelector":".icon","name":"icomoon"},"historySize":50,"showCodes":true,"gridSize":16}}