{"v":"4.8.0","meta":{"g":"LottieFiles AE 1.0.0","a":"","k":"","d":"","tc":""},"fr":29.9700012207031,"ip":0,"op":152.000006191087,"w":400,"h":180,"nm":"Comp 1","ddd":0,"assets":[],"layers":[{"ddd":0,"ind":2,"ty":4,"nm":"Layer 2","sr":1,"ks":{"o":{"a":0,"k":100,"ix":11},"r":{"a":0,"k":0,"ix":10},"p":{"a":0,"k":[200,90,0],"ix":2},"a":{"a":0,"k":[0,0,0],"ix":1},"s":{"a":0,"k":[100,100,100],"ix":6}},"ao":0,"shapes":[{"ty":"gr","it":[{"ind":0,"ty":"sh","ix":1,"ks":{"a":1,"k":[{"i":{"x":0.667,"y":1},"o":{"x":0.333,"y":0},"t":19,"s":[{"i":[[-7.5,-13.7],[1,-9.9],[6.1,-4.4],[5.1,-2.2],[6.2,-4.5],[10.7,0.4],[5.3,9.9],[-0.9,16.8],[-10.2,12.8],[-15.8,-5.2]],"o":[[7.5,13.7],[-0.9,9.8],[-6.1,4.4],[-5,2.2],[-6.3,4.6],[-10.6,-0.4],[-5.4,-9.9],[0.9,-16.8],[10.1,-12.9],[15.7,5.1]],"v":[[44.4,-19.5],[54,15.7],[42.1,38.1],[23.8,45.4],[9.7,55.8],[-16.8,65.6],[-44.4,49.1],[-47.9,8.9],[-36,-41],[9.3,-54.2]],"c":true}]},{"i":{"x":0.667,"y":1},"o":{"x":0.009,"y":1},"t":69,"s":[{"i":[[-8.2,0],[-0.2,-7.4],[2.3,-10.8],[4.5,-8.9],[15.1,-4.8],[15.3,5.4],[2.7,16.7],[-13.8,7],[-12,-1.3],[-5.9,3.9]],"o":[[8.2,-0.1],[0.1,7.5],[-2.3,10.7],[-4.5,8.9],[-15.2,4.7],[-15.2,-5.4],[-2.7,-16.7],[13.8,-7],[12,1.4],[5.8,-4]],"v":[[52.1,-55.3],[68.1,-41.3],[58.5,-14.8],[54.4,18],[23.1,36.2],[-26,40.4],[-55.9,2.6],[-38.3,-38.8],[4.5,-40],[31.8,-40.4]],"c":true}]},{"i":{"x":0.667,"y":1},"o":{"x":0.053,"y":1},"t":111,"s":[{"i":[[-11.4,-1.8],[-5.6,-10.3],[7.7,-8.8],[10.6,-3.1],[11.1,-4.9],[10.9,2.9],[5.1,14.1],[-1.8,16.2],[-12.4,1.4],[-14.2,-5.7]],"o":[[11.3,1.7],[5.5,10.4],[-7.6,8.8],[-10.6,3],[-11,4.9],[-10.9,-3],[-5.1,-14.1],[1.7,-16.2],[12.4,-1.5],[14.3,5.7]],"v":[[33.95,-32.6],[63.55,-14.1],[59.85,19.4],[27.95,34.7],[-1.15,45.3],[-37.65,54.4],[-60.95,24.4],[-67.25,-21],[-46.65,-55.8],[-1.75,-37.3]],"c":true}]},{"t":136.000005539394,"s":[{"i":[[-7.5,-13.7],[1,-9.9],[6.1,-4.4],[5.1,-2.2],[6.2,-4.5],[10.7,0.4],[5.3,9.9],[-0.9,16.8],[-10.2,12.8],[-15.8,-5.2]],"o":[[7.5,13.7],[-0.9,9.8],[-6.1,4.4],[-5,2.2],[-6.3,4.6],[-10.6,-0.4],[-5.4,-9.9],[0.9,-16.8],[10.1,-12.9],[15.7,5.1]],"v":[[44.4,-19.5],[54,15.7],[42.1,38.1],[23.8,45.4],[9.7,55.8],[-16.8,65.6],[-44.4,49.1],[-47.9,8.9],[-36,-41],[9.3,-54.2]],"c":true}]}],"ix":2},"nm":"Path 1","mn":"ADBE Vector Shape - Group","hd":false},{"ty":"fl","c":{"a":0,"k":[0.807843137254902,0.807843137254902,0.807843137254902,1],"ix":4},"o":{"a":0,"k":65,"ix":5},"r":2,"bm":0,"nm":"Fill 1","mn":"ADBE Vector Graphic - Fill","hd":false},{"ty":"tr","p":{"a":0,"k":[-1.764,5.384],"ix":2},"a":{"a":0,"k":[-1.764,5.384],"ix":1},"s":{"a":0,"k":[125,125],"ix":3},"r":{"a":1,"k":[{"i":{"x":[0.833],"y":[0.833]},"o":{"x":[0.167],"y":[0.167]},"t":0,"s":[0]},{"i":{"x":[0.833],"y":[0.833]},"o":{"x":[0.167],"y":[0.167]},"t":44,"s":[20]},{"t":149.000006068894,"s":[0]}],"ix":6},"o":{"a":0,"k":100,"ix":7},"sk":{"a":0,"k":0,"ix":4},"sa":{"a":0,"k":0,"ix":5},"nm":"Transform"}],"nm":"Group 1","np":2,"cix":2,"bm":0,"ix":1,"mn":"ADBE Vector Group","hd":false}],"ip":0,"op":152.000006191087,"st":0,"bm":0},{"ddd":0,"ind":3,"ty":4,"nm":"Layer 1","sr":1,"ks":{"o":{"a":0,"k":100,"ix":11},"r":{"a":0,"k":0,"ix":10},"p":{"a":0,"k":[200,90,0],"ix":2},"a":{"a":0,"k":[0,0,0],"ix":1},"s":{"a":0,"k":[100,100,100],"ix":6}},"ao":0,"shapes":[{"ty":"gr","it":[{"ind":0,"ty":"sh","ix":1,"ks":{"a":1,"k":[{"i":{"x":0.667,"y":1},"o":{"x":0.333,"y":0},"t":0,"s":[{"i":[[-7.5,-13.7],[1,-9.9],[6.1,-4.4],[5.1,-2.2],[6.2,-4.5],[10.7,0.4],[5.3,9.9],[-0.9,16.8],[-10.2,12.8],[-15.8,-5.2]],"o":[[7.5,13.7],[-0.9,9.8],[-6.1,4.4],[-5,2.2],[-6.3,4.6],[-10.6,-0.4],[-5.4,-9.9],[0.9,-16.8],[10.1,-12.9],[15.7,5.1]],"v":[[44.4,-19.5],[54,15.7],[42.1,38.1],[23.8,45.4],[9.7,55.8],[-16.8,65.6],[-44.4,49.1],[-47.9,8.9],[-36,-41],[9.3,-54.2]],"c":true}]},{"i":{"x":0.667,"y":1},"o":{"x":0.009,"y":1},"t":59,"s":[{"i":[[-8.2,0],[-0.2,-7.4],[2.3,-10.8],[4.5,-8.9],[15.1,-4.8],[15.3,5.4],[2.7,16.7],[-13.8,7],[-12,-1.3],[-5.9,3.9]],"o":[[8.2,-0.1],[0.1,7.5],[-2.3,10.7],[-4.5,8.9],[-15.2,4.7],[-15.2,-5.4],[-2.7,-16.7],[13.8,-7],[12,1.4],[5.8,-4]],"v":[[47.3,-50.5],[63.3,-36.5],[53.7,-10],[49.6,22.8],[18.3,41],[-30.8,45.2],[-60.7,7.4],[-43.1,-34],[-0.3,-35.2],[27,-35.6]],"c":true}]},{"i":{"x":0.667,"y":1},"o":{"x":0.053,"y":1},"t":101,"s":[{"i":[[-11.4,-1.8],[-5.6,-10.3],[7.7,-8.8],[10.6,-3.1],[11.1,-4.9],[10.9,2.9],[5.1,14.1],[-1.8,16.2],[-12.4,1.4],[-14.2,-5.7]],"o":[[11.3,1.7],[5.5,10.4],[-7.6,8.8],[-10.6,3],[-11,4.9],[-10.9,-3],[-5.1,-14.1],[1.7,-16.2],[12.4,-1.5],[14.3,5.7]],"v":[[33.95,-32.6],[63.55,-14.1],[59.85,19.4],[27.95,34.7],[-1.15,45.3],[-37.65,54.4],[-60.95,24.4],[-67.25,-21],[-46.65,-55.8],[-1.75,-37.3]],"c":true}]},{"t":149.000006068894,"s":[{"i":[[-7.5,-13.7],[1,-9.9],[6.1,-4.4],[5.1,-2.2],[6.2,-4.5],[10.7,0.4],[5.3,9.9],[-0.9,16.8],[-10.2,12.8],[-15.8,-5.2]],"o":[[7.5,13.7],[-0.9,9.8],[-6.1,4.4],[-5,2.2],[-6.3,4.6],[-10.6,-0.4],[-5.4,-9.9],[0.9,-16.8],[10.1,-12.9],[15.7,5.1]],"v":[[44.4,-19.5],[54,15.7],[42.1,38.1],[23.8,45.4],[9.7,55.8],[-16.8,65.6],[-44.4,49.1],[-47.9,8.9],[-36,-41],[9.3,-54.2]],"c":true}]}],"ix":2},"nm":"Path 1","mn":"ADBE Vector Shape - Group","hd":false},{"ty":"fl","c":{"a":0,"k":[0.5294117647058824,0.6,1,1],"ix":4},"o":{"a":0,"k":95,"ix":5},"r":1,"bm":0,"nm":"Fill 1","mn":"ADBE Vector Graphic - Fill","hd":false},{"ty":"tr","p":{"a":0,"k":[-1.764,5.384],"ix":2},"a":{"a":0,"k":[-1.764,5.384],"ix":1},"s":{"a":0,"k":[125,125],"ix":3},"r":{"a":0,"k":0,"ix":6},"o":{"a":0,"k":100,"ix":7},"sk":{"a":0,"k":0,"ix":4},"sa":{"a":0,"k":0,"ix":5},"nm":"Transform"}],"nm":"Group 1","np":2,"cix":2,"bm":0,"ix":1,"mn":"ADBE Vector Group","hd":false}],"ip":0,"op":154.000006272549,"st":0,"bm":0},{"ddd":0,"ind":4,"ty":1,"nm":"White Solid 1","sr":1,"ks":{"o":{"a":0,"k":100,"ix":11},"r":{"a":0,"k":0,"ix":10},"p":{"a":0,"k":[200,90,0],"ix":2},"a":{"a":0,"k":[300,120,0],"ix":1},"s":{"a":0,"k":[100,100,100],"ix":6}},"ao":0,"sw":600,"sh":240,"sc":"#ffffff","ip":0,"op":156.00000635401,"st":0,"bm":0}],"markers":[]}