[
	{
		"inputs": [
			{
				"internalType": "string",
				"name": "_contentUri",
				"type": "string"
			},
			{
				"internalType": "address[]",
				"name": "_podMates",
				"type": "address[]"
			}
		],
		"name": "createPod",
		"outputs": [],
		"stateMutability": "nonpayable",
		"type": "function"
	},
	{
		"anonymous": false,
		"inputs": [
			{
				"indexed": true,
				"internalType": "bytes32",
				"name": "podId",
				"type": "bytes32"
			},
			{
				"indexed": true,
				"internalType": "address",
				"name": "podOwner",
				"type": "address"
			},
			{
				"indexed": false,
				"internalType": "address[]",
				"name": "podMates",
				"type": "address[]"
			},
			{
				"indexed": false,
				"internalType": "bytes32",
				"name": "contentId",
				"type": "bytes32"
			},
			{
				"indexed": false,
				"internalType": "string",
				"name": "contentUri",
				"type": "string"
			}
		],
		"name": "PodCreated",
		"type": "event"
	}
]